Profession,Education,Gender,Age,Income,Credit Card Debt,Healthcare Cost,Inherited Amount,Stocks,Bonds,Mutual Funds,ETFs,REITs,Net Worth
Teacher,GED (General Educational Development),0,42,62812.09301,11609.38091,1,35321.45877,75661.97241799838,69670.45070873281,42870.87429826269,39218.9765132017,58483.05364102675,642453.5727
Plumber,Special Education,0,41,66646.89292,9572.957136,1,45115.52566,96030.38565676798,7680.339281567672,36609.25003778075,93657.44565650357,62082.34958999449,682350.5918
Graphic Designer,Postdoctoral Research,1,43,53798.55112,11160.35506,1,42925.70921,44124.82567527188,96675.50742163503,79230.73627785323,41715.2509240864,26897.6980461202,663139.4551
Architect,Military Education and Training,1,58,79370.03798,14426.16485,1,67422.36313,52871.51840795429,77797.2029848984,82208.33342919708,97756.63480067818,26408.74255654876,808929.5906
Construction Worker,Online Education,1,57,59729.1513,5358.712177,1,55915.46248,40716.50023837313,16375.52520517062,11644.52633576174,97962.1214340862,23413.73849509321,492055.7484
Pharmacist,Educational Workshops and Seminars,1,57,68499.85162,14179.47244,1,56611.99784,42857.22618138025,13667.28128874284,43754.09947485095,19044.41331202816,11233.37751686269,374336.7912
Pilot,Tutoring and Coaching,1,47,39814.522,5958.460188,1,28925.70549,69710.20968312486,57677.47764364321,58060.14394427065,79269.50189065878,82201.38960688125,751688.8565
Software Developer,Apprenticeships,1,50,51752.23445,10985.69656,1,47434.98265,51353.60983258007,56584.36391566048,47123.02150801752,12327.6096710593,45937.41725429168,521522.0097
Teacher,Continuing Education,0,47,58139.2591,3440.823799,1,48013.6141,31205.45778412299,64565.77167324742,47932.34270465406,94330.88088210869,84241.65486928166,740579.444
Pilot,Secondary Education,1,43,53457.10132,12884.07868,1,38189.50601,79205.02886177597,20140.77724828314,65294.27481160294,79840.36833915274,84610.9834763644,734561.8775
Lawyer,Online Education,1,50,73348.70745,8270.707359,1,59045.51309,20300.36463702386,69848.16458652791,28744.3986315982,47755.80242414554,7814.079700496135,467016.6461
Graphic Designer,International Baccalaureate (IB),1,53,55421.65733,10014.96929,1,42288.81046,12347.89363703431,14975.76427757344,21205.42514263555,16127.72678189318,5480.00051316141,224851.2416
Doctor,Educational Workshops and Seminars,0,44,37336.3383,10218.32092,1,28700.0334,36222.25016361218,34677.45297708913,7699.789750288644,40564.70534767496,29052.30549161433,196332.3799
Firefighter,Technical Certifications,0,48,68304.47298,9466.995128,1,49258.87571,66574.7432071498,89154.07286635022,93568.87794594394,31490.95518971781,3084.263755028494,597901.2767
Architect,Distance Learning,0,55,72776.00382,10597.63814,1,49510.03356,79148.17877977487,66170.41495868667,98433.23001117255,99748.35239412832,94336.47434040044,974693.3681
Sales Representative,Online Education,1,53,64662.30061,11326.03434,1,53017.26723,91787.69407570579,45759.95585709525,64796.65545507992,46558.26413153778,55555.49792489009,714950.6693
Librarian,Vocational Training,0,45,63259.87837,11495.54999,1,41814.72067,35619.69511429039,77302.47402364046,71237.22926412354,95956.59834486924,1881.137893787721,647623.7106
Construction Worker,Associate Degree,1,48,52682.06401,12514.52029,1,43901.71244,99146.23573189692,32674.15623341437,26929.76085312433,77006.53452253733,4630.634905837705,568578.0694
Lawyer,Adult Education,1,52,54503.14423,7377.820914,1,44633.99241,52953.28692524161,56610.82788580361,46529.57907746463,2080.589552190459,72316.31539404964,550249.1825
Veterinarian,GED (General Educational Development),0,59,55368.23716,13272.94647,1,54827.52403,28382.52049035511,61958.63080864276,59252.66628091099,3576.861897820471,95267.54654176866,606531.5001
Architect,Apprenticeships,1,52,63435.86304,11878.03779,1,51130.95379,41423.51079053883,66799.02122680323,70772.42330153199,12965.80284084584,86101.41131472589,658386.2465
Dentist,Vocational Training,0,48,64347.34531,10905.36628,1,43402.31525,16187.25817556532,21628.59550959135,32000.7213290906,99037.57482624761,90966.7330757234,606446.3963
Psychologist,Vocational Training,1,46,65176.69055,7698.552234,1,47240.86004,83146.70116000673,74169.73800753117,9967.025197167222,75222.06870821603,75901.85652519684,731296.4993
Carpenter,International Baccalaureate (IB),1,47,52027.63837,11960.85377,1,46635.49432,22402.60543926846,1886.821260758287,98807.7377269216,39610.59852218372,89050.50182691915,596787.5182
Construction Worker,Adult Education,0,40,69612.0123,8125.598993,1,45078.40193,164.0699333930629,48097.84662850077,48081.80945500214,72730.26781186085,17626.72572005877,463558.243
Pharmacist,GED (General Educational Development),0,53,53065.57175,17805.57607,1,44387.58412,19472.33599194299,26575.77679675091,28499.36475269824,20870.01174205853,55286.93003404947,390184.0069
Psychologist,Doctorate (Ph.D.),0,28,82842.53385,13102.15805,1,37161.55393,44448.20402730026,96239.1717243252,49347.23386427172,13281.00808449683,17986.62660032684,516927.5965
Firefighter,Undergraduate Education,0,56,61388.62709,14270.00731,1,49091.97185,34408.44994291657,4513.236987557901,56674.33013485686,45654.5779423332,18999.33528663485,418683.8043
Firefighter,Professional Degrees,1,46,100000.0,17452.92179,1,58350.31809,1048.634365810997,36532.82191092116,98083.99662287589,80090.43101868611,52551.5602687253,653315.5246
Teacher,Technical Certifications,1,40,62891.86556,12522.94052,1,43994.35972,4621.245312709188,43943.73042904991,25142.13740735385,93356.50974983975,77670.68621605873,577457.3377
Dentist,GED (General Educational Development),1,33,39627.1248,9371.511071,1,17584.56963,21723.03512589506,93011.39806947313,83137.05972170114,72072.31996696652,21626.49433902063,618309.7537
Journalist,Military Education and Training,1,40,68859.56489,13417.02027,1,44650.36073,54453.75444167304,6768.429121369857,66594.50004109947,49157.82422157957,75432.27682256793,594114.2908
Psychologist,Adult Education,1,51,82358.22683,8092.475103,1,66363.89316,46937.64148806797,11116.26742250499,17844.57446576823,38638.3108547557,90768.62361238932,543338.622
Firefighter,Professional Degrees,0,51,67904.39895,11417.30952,1,53489.46214,8365.72089634322,24424.09863195267,68242.95095206505,20037.33031677096,63969.85332791473,477058.8325
Psychologist,GED (General Educational Development),0,46,65311.68225,7988.753685,1,39810.34817,69643.54465927315,7040.982065654155,77138.49842290515,70230.2100569507,25976.09068734779,579679.3481
Social Worker,Tutoring and Coaching,0,51,59593.2624,12252.73058,1,51612.14311,78878.6392435165,40841.93588205095,96962.44944397119,41548.56156830684,31479.57542988496,682646.6094
Veterinarian,Non-Degree Programs,1,50,47460.54809,7405.534271,1,38978.67458,14973.59835408871,44391.99942556158,48075.38824018003,11355.31980363116,88691.39051557727,492932.7418
Engineer,Apprenticeships,1,22,43131.78411,10917.14094,1,10092.22509,8484.926483590749,70263.86776514904,58033.39951076357,1073.843424815091,92065.81233841646,480028.1492
Accountant,Doctorate (Ph.D.),0,51,52263.69806,8838.759509,1,35928.52404,9998.079142019733,48402.08953321343,39138.94911159903,19015.93996385709,21135.75266910986,347238.6689
Electrician,Technical or Trade School,1,48,80959.5331,4499.921096,1,54823.19221,21861.56424932646,73806.46559458922,25820.50794344773,6989.17598151646,46545.59928279604,459693.0105
Firefighter,Professional Degrees,0,42,66417.66597,9183.327621,1,45805.67186,17165.64273599878,82932.09966314897,72606.10074194572,11359.94949021673,83690.23640732412,627119.4018
Electrician,Bachelor's Degree,1,46,58457.41492,12491.01273,1,41567.47033,9968.215740884145,57140.80219326731,32581.95925238188,78944.54738415578,88855.46281977488,618116.9154
Architect,Educational Workshops and Seminars,0,38,50571.45969,13338.32852,1,28031.20985,73757.13244432413,31134.8086019024,95479.86738599691,68307.76035122192,79564.81653865955,752551.1903
Sales Representative,Associate Degree,1,39,50943.16256,10816.8855,1,27815.73813,2559.618505748851,51870.94944159337,34890.53652679381,65906.5878910817,81474.66622258755,529036.1934
Plumber,Preschool,1,61,79792.13096,14245.53319,1,68678.4352,49429.89445137262,47474.31046489446,30314.79909934709,5800.989097444842,32601.34619077825,468599.549
Dentist,Online Education,0,55,70787.27764,10155.34095,1,68925.09447,27577.02899899284,94308.42496501369,79312.8101852057,65768.42397961619,73029.22217874907,817842.0096
Nurse,Adult Education,1,42,56098.50773,11675.28496,1,34215.7615,1163.562990981459,29839.56722087916,88160.1242046846,36757.54508766522,99552.28791642167,579377.6978
Engineer,Undergraduate Education,0,51,57478.37922,2230.096344,1,37843.46619,19080.55026337858,82024.72283780349,43984.94543120647,27625.18749343499,57266.61507718606,535650.9746
Artist,Special Education,1,41,60181.40633,7094.896557,1,37883.24231,81067.99098298344,49692.54970922611,91768.11080324312,62069.81505777136,94460.33819410836,833884.0941
Teacher,International Baccalaureate (IB),0,40,74445.08168,7915.758178,1,48734.35708,28819.70783511141,572.2474854480297,48732.41571428035,13093.60959047057,49581.80655437997,379068.2885
Journalist,Apprenticeships,1,41,38406.7789,11023.00268,1,27187.23914,17037.94018581006,35208.65955649604,55810.11179981133,70190.91800433431,56052.03115985387,522973.7997
Police Officer,Non-Degree Programs,0,56,64616.6881,12378.54089,1,63738.39065,6937.484541040473,92829.34212932883,7941.148218761152,69267.91660007888,61982.72830230953,605394.0209
Nurse,Undergraduate Education,0,46,68107.93144,7813.602657,1,48266.75516,29429.96219076964,85165.83950205555,16222.8241861068,30796.89260779133,92049.90865717267,603864.3646
Teacher,Master's Degree,1,37,72471.81532,11216.88676,1,46381.13111,17144.03473915893,92919.30695930166,5296.588921919964,90968.18597163136,18952.12828659204,543322.752
Electrician,Primary Education,1,52,35069.41886,1851.979839,1,31978.9799,4897.702476601684,16393.51771024294,46929.38913580961,23370.35779232357,18246.00139181187,283631.8968
Mechanic,Technical or Trade School,0,57,52422.94691,6998.46562,1,48100.29052,47649.12610950086,14928.00471163663,66480.10864569501,76735.61664917239,69687.12226239656,647160.5378
Electrician,Technical Certifications,1,34,84467.78988,7772.444847,1,47380.91224,54061.15949360886,84500.48679269078,40501.72550319169,34899.1448144602,66329.06964392353,655344.997
Sales Representative,Bachelor's Degree,1,43,51419.50777,11331.20447,1,41425.00116,16512.38572795968,93067.52787263707,62934.02094531284,18304.05148954675,97372.09201286177,659230.1584
Social Worker,Primary Education,1,50,46609.51626,7592.019748,0,38147.81018,81926.9367067715,75542.70175654371,93160.02411193479,84876.99146485787,55212.05768795255,857733.0438
Mechanic,Continuing Education,1,42,55207.45679,9976.434857,0,32737.80177,33834.04434722355,76585.58148414489,29201.05911937571,73967.33632321794,44238.63449144273,581128.9151
Marketing Manager,Educational Workshops and Seminars,1,42,46689.4159,7829.565502,0,37348.13737,45012.81215399155,60560.55808676554,86828.80415458519,81963.28029629982,53964.47875172241,731356.1416
Mechanic,Tutoring and Coaching,0,42,71847.2544,4225.328117,0,47483.85316,5546.787526813147,81250.9410396308,77218.42203590377,73731.67865076399,82771.13571226526,736005.6363
Plumber,Doctorate (Ph.D.),0,55,69236.68608,9842.842611,0,49730.53339,89992.72805221143,56999.80701810831,73247.07920020909,44324.24297991081,39226.6529802933,707042.0872
Journalist,Associate Degree,0,53,54006.77851,15189.08845,0,40093.61981,85302.37936472197,13780.09334970386,43803.52343631638,51112.47142828624,22506.67059170323,513197.516
Psychologist,Online Education,0,53,47228.35999,9046.182396,0,42297.5062,44753.28326708188,68513.23795678116,1498.506841766545,30625.96364661557,12408.09992541132,400193.1957
Pilot,Special Education,0,43,70187.50328,6841.540577,0,52954.93121,86352.49479817762,61514.90887101903,59487.89619826333,65300.52641798492,63463.02906695812,778147.5731
Chef,Secondary Education,0,55,62262.94845,11785.87919,0,48104.11184,61921.75349280482,89063.63653535063,42927.45805340609,28148.87775912591,33738.27640493612,607808.2282
Electrician,GED (General Educational Development),1,43,59195.82899,8634.376791,0,43680.91327,97270.98406316288,35093.09941416277,55989.04168269784,87066.64478690771,28534.72566532799,695270.8178
Police Officer,Undergraduate Education,1,57,48716.67271,10886.91711,0,52707.96816,40291.86722437006,76302.92511031278,70289.85176226267,71424.26478936402,60257.0464927614,742547.8471
Chef,Master's Degree,1,52,66478.00967,13685.88702,0,49392.8897,29903.83531891464,12625.21594151163,77542.64944543953,31510.08188810021,88768.8179609981,579486.9805
Social Worker,Vocational Training,1,45,50280.0045,11350.49408,0,30841.00154,94513.98457827847,45151.11465162673,48056.57198351485,47794.72026701168,28744.64218106465,590204.0704
Carpenter,Vocational Training,0,56,57393.82872,5627.803654,0,49373.37555,8868.879148001508,34319.99369545205,17739.57129391532,15404.37575728384,5934.949205147588,263282.2893
Librarian,Online Education,0,41,63429.93141,10676.21884,0,41903.65171,34571.83716158483,93323.04813745899,62967.53809975196,48936.01248149962,37356.63502345016,638117.4452
Sales Representative,Doctorate (Ph.D.),1,48,59139.2108,4630.544424,0,45058.8969,84889.59296614434,95749.59863903279,72159.69286834143,28604.09791828084,50036.52231850807,752996.8032
Doctor,Vocational Training,1,56,67015.19372,13000.41369,0,52991.52667,49946.83679866483,2149.375087478944,64029.34280542882,34625.60815727387,51546.44274049158,510578.2645
Sales Representative,Master's Degree,0,47,69157.4521,15791.61176,0,50958.08115,62634.76083652293,95418.47559487491,15038.28659172917,95351.4262464391,67318.10046652246,773438.2618
Financial Analyst,Associate Degree,1,53,50867.94007,16732.30638,0,41357.17897,67150.71471141619,60279.44916965925,41876.84715318516,86797.17700120698,12865.2910068771,620653.316
Social Worker,Special Education,1,57,53450.90036,8740.723093,0,44434.71917,33116.90390338979,15046.70518049303,1735.870544526241,35174.71070141459,64556.97103813497,388131.7611
Carpenter,Primary Education,0,39,70463.99084,10059.55406,0,38502.42392,25118.31890874843,88966.68651023788,48996.54380688927,83918.97822898506,17065.29737665813,605136.4975
Electrician,Homeschooling,0,45,52697.15192,861.8166529,0,41221.24918,95751.7137343581,34320.42110066357,77909.46936716817,644.1068603333599,60506.7788781571,620707.4782
Veterinarian,Secondary Education,1,33,71055.41924,6147.918843,0,38399.46139,2660.802966481668,2870.361765949314,53660.79788387947,43820.24688848353,33971.50052551118,350766.3428
Social Worker,Online Education,1,44,55406.46215,9522.576495,0,41456.68097,26618.04483120311,37318.4191764371,49480.17443637175,95026.5531053071,82150.03562046417,664099.8163
Chef,Special Education,1,40,48567.07462,9724.031647,0,30394.82494,4761.729802948911,25086.57145717509,37318.2414713071,15216.9697626947,43403.08344717312,312362.8418
Electrician,Undergraduate Education,0,40,69506.62127,5449.471997,0,42384.05128,4478.90882725136,61107.37002268356,83207.18744609153,96073.14790798616,5687.153492272668,585875.638
Construction Worker,Bachelor's Degree,1,37,69453.71659,9565.830875,0,39002.0771,44095.86539044352,14286.41907537074,62703.80362732815,87035.76951665177,58269.53510865916,610786.9396
Psychologist,Online Education,1,40,36929.35124,9719.192898,0,19553.2739,28429.88211415722,29227.97266701263,97506.30222649938,16245.50278207929,60091.90723565253,502109.6819
Psychologist,Non-Degree Programs,1,44,63087.95261,11024.02643,0,45167.32542,13285.9025395094,44162.44171714067,59112.01890387131,15157.5446976145,49.88493387267923,353870.2364
Chef,GED (General Educational Development),0,43,50889.34054,11041.17891,0,36019.9556,98140.36243603703,69091.05092610126,64599.40944475092,55543.69473969391,41842.18996775929,730473.3262
Veterinarian,Non-Degree Programs,1,58,58065.25694,4204.920492,0,50937.93844,2468.920917241413,41831.54782224193,37475.45803611248,90464.77096194464,56991.45268087334,560340.1777
Firefighter,Secondary Education,1,32,20000.0,14261.80773,0,12895.71468,80889.58800412982,85660.19786493697,53077.86701108416,35062.46858935597,6420.346993808524,548012.3663
Veterinarian,Technical Certifications,1,50,60536.20406,8244.470226,0,38955.21919,15421.0442737722,95946.64902904282,36287.63044107642,35448.15378345224,12677.56243350282,469472.5183
Accountant,Special Education,1,59,50667.69759,9871.403591,0,51221.04249,18130.78016924995,42682.66290754962,73986.61980310638,9027.22250414585,20652.1524678524,431400.9607
Social Worker,Secondary Education,1,42,44376.62221,13865.09055,0,25971.95673,66501.31137570276,64705.61334461346,77129.68999430357,37725.49282572455,52029.59022152059,648127.309
Lawyer,Primary Education,0,50,75958.28349,10562.90377,0,60670.33672,44290.48158630801,72403.01399434857,46002.41905185455,42457.2497880633,99808.01306258992,731263.0284
Electrician,Technical or Trade School,1,53,70896.72853,11794.73914,0,54075.12064,18867.58883638021,87075.02758611784,9910.816694012414,26532.00921288397,7634.273848927931,408189.6736
Plumber,Master's Degree,1,47,56009.73073,11030.2654,0,40004.87142,73620.6249221063,57726.92440638969,64901.8801269208,2837.850292864374,51583.49780725945,581351.298
Graphic Designer,Technical Certifications,0,46,90556.62686,13872.5667,0,61593.52058,15220.72667161562,49194.76000211373,17012.62632771583,90167.56242908504,29549.47264551452,525477.3373
Lawyer,Undergraduate Education,1,43,71716.45662,8870.714301,0,39503.38829,99164.82170770432,65257.98417904891,20492.83858460118,43370.72356761292,81753.52111581777,699086.5549
Police Officer,Educational Workshops and Seminars,0,49,68502.10943,5831.118245,0,52474.71839,88923.67963352166,64896.22472282908,90925.0677246189,28516.50745086422,69679.03762074052,790830.4711
Journalist,Homeschooling,0,43,46261.42666,16767.2636,0,42187.6828,44205.51851072809,50198.63957551749,39740.58513601722,74127.0850336559,51691.31813287644,604301.6584
Artist,Technical or Trade School,1,53,61858.19077,5189.083564,0,57441.44414,31585.10620827878,57057.65936652802,65542.75884207503,64545.59252258564,63790.52474585674,679926.1717
Veterinarian,Undergraduate Education,1,36,49483.83262,11811.25253,0,22681.71667,59818.67782834554,71816.33539645215,62997.71977879366,7420.413195826502,90012.7217346817,629495.1692
Chef,Homeschooling,1,30,68289.18229,7357.787011,0,33640.73697,84643.82359523902,70459.98681542069,26964.34140055778,34352.78356080302,24513.26060499129,549149.8659
Construction Worker,Language Courses,0,37,47399.22827,14562.64194,0,31540.77868,41723.90512423992,23319.16816642147,62091.51315950463,58510.86050881045,35269.79170585857,504912.0347
Journalist,Secondary Education,0,48,63975.0609,10614.85449,0,60461.24268,12903.09354563166,96977.2936675209,32810.4123144638,43869.67238505508,20772.67851597402,535588.7862
Mechanic,Technical Certifications,0,44,75460.52362,6280.929547,0,45738.3343,6514.948856176162,80071.98982939015,38356.58041142282,59078.63209812673,70414.58623385217,600350.1435
Firefighter,International Baccalaureate (IB),0,42,51075.46118,12416.84845,0,34803.82395,27332.27690656551,27148.87049666586,44568.46055668416,60688.88529178489,87149.21041531624,563383.0552
Mechanic,Vocational Training,1,50,42433.54619,7335.524826,0,34642.6024,13478.69982106319,60505.49565843524,12114.38590245659,33184.59477975395,46029.8467817534,399911.2507
Artist,Educational Workshops and Seminars,1,30,61922.8971,10366.50326,0,27586.71854,89159.20235031107,93867.3240594693,79159.84259236323,7411.710017593154,44032.6539115618,682434.9029
Firefighter,Vocational Training,1,42,69946.93924,9010.648633,0,54973.02495,68830.4990702924,29965.26817373267,88999.23989809006,26194.02168969943,58205.43917021892,654334.9859
Construction Worker,Secondary Education,1,46,73476.42249,9656.806156,0,49142.51174,79131.63576746196,65352.02432615143,25792.62362689033,77626.74763678416,86370.83211316114,766832.7504
Electrician,Primary Education,1,55,75571.20188,12887.54899,0,58840.53964,95908.90197069189,60167.3836090097,86421.04239126493,20197.26811858175,34416.00294326322,711902.2773
Social Worker,Postdoctoral Research,0,44,82573.01132,1696.989764,0,57306.32866,1246.207999266158,26986.61042690007,25827.89137915635,98544.52437305638,21877.31181260436,463577.7493
Doctor,Distance Learning,0,58,50649.64492,11211.72016,0,51941.6756,84933.35668770796,24092.73158511101,24073.60727089648,49986.83941953046,84267.59906908078,638591.6193
Psychologist,Homeschooling,1,42,53427.46192,7903.103591,0,30240.60975,30210.39836436057,87533.49011495852,52732.06793083993,10028.30843438497,88053.0910884455,597595.9314
Librarian,Apprenticeships,1,57,75247.18061,13258.46631,0,67120.89878,38068.20303831633,94954.9558616105,16409.6785706071,22779.93210872675,68452.3669790791,615572.0707
Social Worker,Language Courses,1,43,69175.19403,6039.594519,0,42408.02625,57778.07290240248,58239.07629139016,24418.43954621321,40756.4401575765,71280.23276091756,589760.5758
Lawyer,Adult Education,0,35,84171.16719,12719.64415,0,41451.71843,31987.05809372778,41951.80634544653,1239.829435046635,11927.98882642234,50141.20706278476,357399.2164
Accountant,Associate Degree,0,43,45721.66835,14250.52398,0,42592.88647,15678.32632571209,73029.64341901342,96233.80901190446,76879.94753157091,74986.01493057198,758801.2554
Accountant,Language Courses,0,35,54355.7595,10008.76797,0,34521.17618,51672.81656651929,12419.74932553047,64716.6250928601,98271.12282333265,83095.30122334238,689393.5824
Social Worker,Apprenticeships,1,34,77206.48386,8493.098575,0,42213.69644,39083.91497180277,44770.40131718091,75003.48343602018,46635.22809576181,6690.617510009233,508794.6835
Sales Representative,Postdoctoral Research,0,48,57005.18595,12416.79083,0,41913.53713,45047.51697920683,1966.101923186081,91930.77139494938,53837.37945391215,52837.54552685958,575065.7048
Engineer,Tutoring and Coaching,1,53,65809.10782,4820.839445,0,59416.18101,82540.40581038619,23692.03487580616,56983.18792118238,98815.8271577225,55881.17056437558,754657.6147
Artist,Military Education and Training,0,47,65468.1442,7248.54142,0,51402.61506,90317.04378869587,68488.1095673105,49041.24146958155,30983.00997512105,56843.87404526769,694151.7878
Construction Worker,Technical Certifications,0,54,60991.82443,7329.22851,0,54755.42038,7377.131094034684,54850.51297014002,65312.50982652733,93618.64637013931,51568.50743717558,654965.4562
Plumber,Online Education,0,51,61809.07451,2620.079459,0,47143.44008,10628.00721470514,96164.90058383557,91853.0504108125,53148.4829738273,90127.84841514305,778131.4594
Accountant,Bachelor's Degree,0,59,66905.47644,10077.49592,0,64391.68906,86197.26166668921,11605.71879963047,41039.74617316939,57738.74806796039,90528.39535984222,703003.1183
Doctor,Special Education,0,49,65131.25015,6206.922109,0,37252.55194,803.2211359692898,10657.35424686102,82823.03404621848,43535.7882580097,62072.2628317699,474288.4249
Journalist,Educational Workshops and Seminars,1,51,83626.30783,8458.749819,0,52665.36511,56378.02773508136,65382.43910857824,19326.57525429138,53978.85480634061,80060.56953261906,655583.6631
Dentist,Vocational Training,0,40,64328.27892,13860.43821,0,44001.20706,94894.79498370663,44437.87037349443,47411.85905038467,49161.02560113434,59113.30955257858,678040.1332
Firefighter,Adult Education,1,53,69255.98753,18361.24915,0,51551.67997,16273.78663590207,43498.07347008752,49796.96639326549,64083.96252390969,11894.72981496783,474198.3976
Architect,Online Education,1,45,60575.12604,8088.344365,0,38243.66481,41401.6149389031,55625.75186785746,61928.71166801245,76439.65072746726,36149.34024265352,619577.4685
Veterinarian,Educational Workshops and Seminars,0,45,63729.12568,12507.19736,0,39766.64804,22005.71502314583,60357.67698891924,64326.57781083648,49121.614277852,29009.22896790482,529174.9222
Sales Representative,Postdoctoral Research,0,37,64315.73671,14871.36126,0,40077.57289,49038.94620134813,14675.66819161662,41296.69434414955,68858.1822641178,96943.93007929697,621781.9879
Graphic Designer,Language Courses,0,43,51419.01644,9026.061543,0,33131.52734,88039.4421767923,68943.83509879855,61134.61097981558,17290.23078383196,7148.890405966712,551377.0736
Mechanic,Non-Degree Programs,0,48,53870.48483,14720.53399,0,48622.66097,29973.33836031811,3583.794046517874,21521.624919254,95837.09713193185,46388.21627812869,491853.4634
Doctor,Postdoctoral Research,0,49,56895.23153,9851.578109,0,47693.23482,20895.82730818335,91543.3921720812,46906.01644439156,70909.52050220559,34886.53211562605,625669.0467
Financial Analyst,Secondary Education,1,48,52534.20778,7583.753853,0,39410.4616,63973.17049424707,34753.17791242859,36697.84602505915,89603.82276273717,78441.18561810566,685759.3288
Sales Representative,Postdoctoral Research,1,45,52632.97124,12348.67783,0,33428.40183,62808.52529501238,72874.96632680674,18773.70518788524,57490.51880096379,11409.31245413884,513570.8598
Pilot,Bachelor's Degree,1,43,42375.21424,6062.60136,0,32700.27871,95158.68276906555,12275.89147193172,41388.97961333687,8531.321166652982,99716.16452759047,579542.6365
Construction Worker,GED (General Educational Development),0,62,65617.29175,14392.28833,0,62864.43011,95595.02049755107,36724.41142841813,73209.67735927903,23334.80365629991,91906.0999821254,767268.8861
Carpenter,Online Education,1,46,49398.74439,6994.617316,0,29425.83001,10052.50423975239,43188.61213485723,63248.15701422746,24136.38238830918,44479.37783183401,429061.7272
Architect,GED (General Educational Development),0,51,63869.64928,12860.65824,0,44418.60955,68984.05640195137,10171.32960626273,73469.55544056364,4407.293928203781,61786.01609814086,526473.7221
Nurse,Distance Learning,1,44,60871.18248,4397.947571,0,36645.5609,44374.31230954777,45008.83395022136,97631.14046829517,69715.23169855181,39936.53715848898,666623.233
Journalist,GED (General Educational Development),0,57,68090.5087,6181.970908,0,53655.53859,46103.11035347691,6246.022949643881,46840.51574901389,89237.64736807704,64570.72162760387,613307.1133
Graphic Designer,Adult Education,0,60,54122.87827,15164.87506,0,45977.12502,17764.08322398714,89578.98706392222,18744.38351239882,62631.46677580808,323.4334609177103,470038.9581
Social Worker,Non-Degree Programs,1,39,59316.93704,12296.34158,0,38504.39444,53184.85974679562,67467.4056129416,49721.62623408339,83096.54710459468,5417.231655680554,594784.1296
Electrician,Distance Learning,0,61,38779.18396,12758.89583,0,47935.9394,58932.39037289802,60576.93367595471,37963.38632892002,51674.76189171903,77970.23157652722,670107.2865
Mechanic,Doctorate (Ph.D.),1,50,88292.73205,10799.1381,0,60222.22672,25214.20344589446,77365.22407393041,58859.63574697886,39160.33736880829,48447.58677431849,618538.4283
Graphic Designer,Military Education and Training,1,37,68688.40199,15796.31838,0,38930.55234,34267.67127949461,51550.43451421946,20658.88914622672,89697.43652060194,96242.43238711178,662694.8324
Marketing Manager,Associate Degree,1,45,51906.85022,13686.96935,0,27810.21814,15525.64617799314,73891.40831602324,7059.077913805667,38454.40148113172,14745.56823314527,354972.6405
Librarian,Online Education,1,50,52373.79446,11347.62967,0,47604.34591,37717.26689528152,14287.75695215206,45055.96147784541,83982.0961942407,80833.10657150568,618961.068
Librarian,Apprenticeships,0,32,73768.12453,8132.073716,0,42356.6895,3977.817186012567,43213.28857622841,15916.13872161495,90310.26838969631,35285.05616183164,462118.5171
Psychologist,Vocational Training,0,34,55576.84068,9396.008371,0,31300.54347,96121.53630460103,86112.05085469717,66484.9934555987,24887.93581838335,54010.42387042079,717834.9675
Electrician,Associate Degree,1,45,59689.81438,14862.84011,0,42369.64247,25899.283031798,20501.42278098844,80964.66584094484,88176.49539767622,28750.69786228703,573324.4148
Nurse,Master's Degree,0,50,55381.53225,5088.239017,0,31837.22537,47965.80360513533,46461.48755200082,80300.57658354302,42102.44695305454,99420.19748629209,696175.4751
Psychologist,Postdoctoral Research,0,51,34154.77654,5316.010491,0,26499.31418,24515.46567595683,99790.81783154584,7725.054441957091,44780.32170512641,82431.09376285886,571484.1352
Psychologist,Educational Workshops and Seminars,0,53,54382.7481,6940.056371,0,38172.83602,35908.78390552745,59719.82401157616,45205.50823578964,80065.40708174642,61095.84847148396,640336.4155
Accountant,Distance Learning,0,34,65919.59731,7594.363993,0,39433.40631,69073.99002388681,13341.37404570304,7401.326450959911,5957.868821339041,17203.98935319368,304823.91
Nurse,Undergraduate Education,0,56,39488.45582,10992.33383,0,37714.31659,3847.072633853554,5909.301902553754,23110.4401760215,43792.66973190013,23160.52504046244,275068.6521
Journalist,GED (General Educational Development),1,57,72637.84482,14938.50613,0,57125.41541,86731.7134036997,77208.02049483001,55811.89795285407,66868.26555719822,46722.1094251219,780934.8445
Architect,Bachelor's Degree,1,48,67247.07698,9851.689538,0,46453.34819,21314.76035080456,73878.7887063742,89815.22445887541,25855.87954300035,47430.90723575448,609497.817
Pilot,Technical Certifications,0,40,71271.84407,13122.45694,0,43855.06077,45489.26515251551,37248.98094632186,90718.10318845231,93783.0556533191,43099.07976789259,708387.091
Firefighter,Online Education,0,50,71693.44742,14421.48298,0,55592.70383,88990.80776039009,45933.33586404765,42995.69951243575,76773.00814411661,49042.73825654069,718656.5867
Carpenter,Bachelor's Degree,0,47,57860.53103,7146.192574,0,42484.02283,22444.36603257003,49848.86314200397,24010.93730195031,43917.75735841713,19036.78972317263,403485.4728
Librarian,Online Education,1,39,69142.08412,8707.511532,0,40879.19107,58347.9749914449,73850.98653872716,39154.8992716447,53614.86095389116,27372.82358684103,586441.4728
Architect,Tutoring and Coaching,1,36,52477.66494,12071.41684,0,20653.21409,60308.37021933301,92209.01195414411,16997.86133656027,23496.3434150952,74772.36516025745,576874.3324
Construction Worker,Apprenticeships,1,44,47592.04749,13167.65763,0,35438.80549,39709.7734849261,68636.60857820208,47986.18357964087,47137.54140646401,91851.2022847006,661520.2296
Artist,Bachelor's Degree,0,47,48123.36983,921.5340234,0,36112.79346,58473.66673924065,79605.49091876748,45974.32202871335,15263.92199310318,85816.69834152507,642493.787
Teacher,Technical Certifications,1,33,76916.41515,13923.96207,0,38182.30465,25790.80316297118,10612.16207125603,92851.69858401087,3120.075951279511,31062.20125008765,403238.4913
Pharmacist,Vocational Training,1,42,65714.46469,12557.08133,0,41026.02421,32023.01607657271,72326.54215032198,87995.17305606535,58778.88261004232,32391.69464793612,649082.6655
Artist,Special Education,1,47,40346.06491,11505.89906,0,27889.95197,90158.03038636512,42744.98891002905,95761.07338673621,67756.30890860388,29495.2729090487,707611.2529
Sales Representative,Preschool,0,40,71148.20248,7917.65097,0,43724.4896,39237.10014695685,47002.34311329709,67128.6034242695,31048.50221028802,21596.05977497345,499474.1965
Pharmacist,Tutoring and Coaching,1,54,81757.66856,7500.778414,0,57430.76903,81967.70181873185,61626.48652648977,81648.79294414169,97194.06596700693,89889.89660873244,939515.4258
Psychologist,Military Education and Training,0,38,64867.14911,13962.95284,0,41104.07108,4512.792417091605,27154.30818781026,1612.87758637676,43351.51437429839,95988.92325449489,427448.9738
Chef,Language Courses,0,40,70051.94033,4701.316175,0,49050.85378,97172.77170451007,14582.95583184855,76294.14991876387,36374.45515886522,6895.899743549838,560742.1723
Lawyer,Tutoring and Coaching,1,45,62043.16623,4980.668295,0,41265.52929,78287.3979607517,95691.94297679346,68044.84825585011,92313.0141769658,62091.95055073847,875389.3664
Police Officer,Doctorate (Ph.D.),0,51,85186.48921,12413.0319,0,64545.16339,96153.90845249435,78973.55587855897,90374.00623008056,92423.43636331598,37479.39789382894,919898.9364
Doctor,Primary Education,1,38,47127.41632,10221.15388,0,29052.09521,46009.19264865427,17965.2588768063,77839.90364452466,1144.493637052779,52063.27529374414,448148.4386
Accountant,Special Education,1,34,61177.08698,9837.222432,0,30719.8156,5708.556809476318,48280.18722986753,14022.19244756759,76885.89581725374,67483.94520730032,486201.1862
Pharmacist,Vocational Training,1,50,57770.36488,8628.434025,0,38763.11306,74000.20402116925,93551.44099562922,67422.64057823514,86392.6219417239,95656.7815300643,911573.6043
Construction Worker,Non-Degree Programs,0,42,60432.40367,11417.46257,0,39331.20127,63381.78316500077,11211.40167915373,48740.9925079031,78599.42451884552,36764.00130075707,556057.6089
Librarian,Preschool,1,33,58999.88858,6904.420412,0,32608.45468,36314.12231127681,36122.52552849693,25266.14078585614,78914.7757756877,10199.49334858072,438851.0249
Carpenter,Technical or Trade School,1,56,62645.95516,11431.22966,0,58045.56257,6491.561430354753,50549.54777266706,41381.10490178247,61655.49112579475,79740.81996915487,595728.1755
Dentist,Preschool,0,57,68782.15718,9810.75269,0,54387.27727,95746.02249202995,57950.97207565081,8557.714578494346,70437.14594373209,77462.08221236645,729082.4291
Marketing Manager,Non-Degree Programs,1,37,67545.96382,7171.466112,0,36638.20688,16097.49540965495,50035.49850018885,52607.88773733059,74773.69311738372,16300.2095555029,492905.9824
Firefighter,Technical or Trade School,0,51,42415.48867,5205.008323,0,39522.13129,61033.79579558394,9361.764615151202,32677.58762219382,14244.47000360426,29001.4009711414,371682.3006
Journalist,Non-Degree Programs,0,63,44617.98314,9683.735879,0,42978.34626,120.1297806738832,15827.12662816487,58533.93191850352,41345.18244447072,66499.53220720944,450608.4985
Lawyer,Homeschooling,1,53,72226.5603,5817.153854,0,60865.76396,42247.55134191555,28793.90540602098,52173.45834767925,49452.78699043766,56947.89129760182,580962.7147
Artist,Primary Education,1,51,48958.90535,2418.86434,0,46380.44732,99223.33394739163,75138.80670254122,32030.56183352107,1562.858387071309,67900.36440777872,644472.7452
Architect,Undergraduate Education,1,48,86067.83527,9181.06743,0,56579.90338,72044.87144891897,81970.95241896006,61754.1892541284,11924.25591349808,52638.28817815501,673824.9212
Sales Representative,Bachelor's Degree,1,41,65554.4018,12026.57975,0,42774.35579,4930.033426718239,5343.077664661888,7354.781328787141,96050.79360584565,71196.26975786668,455298.6231
Pharmacist,Homeschooling,0,39,69248.4953,6445.784981,0,37879.65385,37870.80137457303,89742.28789921886,50288.50831617735,7756.988032699986,16924.84645693244,480926.1719
Lawyer,Non-Degree Programs,0,45,59331.23555,10027.53449,0,45208.42539,40664.39224884124,92953.52380205289,62890.62542068215,63508.97464575709,66958.79920688117,744369.4814
Carpenter,GED (General Educational Development),0,70,52323.2448,12438.85648,0,56229.4127,54427.51580087353,50517.55731157342,90506.56798310608,13200.60563129688,4913.14575677676,539589.6104
Graphic Designer,Special Education,0,51,63552.85175,9347.50353,0,50455.11935,89543.15539812364,8574.680657955258,46898.0745699702,99962.33168817034,64073.8760679029,719014.4755
Doctor,Adult Education,0,51,75116.10613,5969.666602,0,49721.31082,42600.10272508522,19495.67529933718,65460.2589057499,27892.01085137404,33367.05252289394,477072.8222
Construction Worker,Continuing Education,0,42,38284.02013,15467.78745,0,31696.99679,3638.907035188532,7759.475753297706,36134.36415390687,30099.69280443214,65954.86043801834,350568.5939
Lawyer,Tutoring and Coaching,1,50,55293.50777,9465.090098,0,49220.0218,11357.5993657009,89925.54776604705,5469.738798505786,77520.88817170009,83258.96603620949,633505.5239
Architect,International Baccalaureate (IB),1,40,63210.76235,3657.863218,0,46188.83514,60013.86015052288,82836.27832072125,76083.3552115691,11551.06905230424,59928.71669608641,673204.2291
Software Developer,Vocational Training,1,44,54918.38749,8920.385015,0,36086.93161,34859.12280463948,53499.77619664965,98139.86353325371,32681.15401238241,85219.83718155198,680973.3707
Veterinarian,Postdoctoral Research,0,52,57262.79581,7793.073201,0,43264.04965,86603.61041363853,43992.48729434395,79843.33905684938,99684.49727823789,42826.56730867484,792429.102
Architect,Apprenticeships,1,41,72299.9501,11544.93385,0,40660.38317,74527.75592676122,34846.33541836908,66172.42259400373,91564.23928458206,60723.12496796784,736988.5227
Electrician,Secondary Education,0,57,50241.48985,14817.70896,0,51683.60859,63544.82572848067,36119.51231322836,60886.82221279589,11967.89967073427,97332.98917880385,643071.3154
Construction Worker,Online Education,0,54,65834.56889,15353.25774,0,44525.02085,17673.1122872678,93392.66754585155,14307.26619016929,23737.10661433854,46390.04073561401,480050.4284
Plumber,Technical or Trade School,1,50,60382.17885,11302.88277,0,48518.90163,8094.903176176005,67349.0377411326,48080.69769169454,23356.67314260725,32055.8981205835,454912.223
Artist,Special Education,1,37,68691.17086,16305.78907,0,45805.30588,53899.71607859092,4860.997948602097,24605.61192817692,38614.16834603603,67146.03939834263,469863.6792
Journalist,Undergraduate Education,0,52,65446.65687,8491.586154,0,54850.38742,11624.27272863298,9303.424470481381,18669.84763581235,9934.044375691687,94427.29439014892,397618.542
Pilot,Undergraduate Education,0,43,42978.34284,8884.11069,0,32478.44758,40284.66347617411,43420.10628991634,76646.40319502384,47661.22087025144,85515.27517955605,652012.2332
Dentist,Non-Degree Programs,0,52,58143.06285,9686.119304,0,42209.28948,16378.47771179264,95507.98058239653,82400.59933660629,39103.63102434589,63513.80291192899,678227.5621
Architect,Technical or Trade School,0,64,61666.2852,11672.72382,0,55125.93237,40246.60168856885,97244.30805786457,38811.51030740226,5244.893390323713,17003.5008716257,507353.4934
Firefighter,Technical or Trade School,0,51,64854.33966,3247.887523,0,47984.42062,77076.64376442593,85410.92588994575,74399.54017353414,302.6673443708439,26865.7372693191,624079.8701
Nurse,International Baccalaureate (IB),0,55,45757.15568,11207.01556,0,43405.89086,57860.45396721573,57037.19018393851,33456.31785339172,22006.05569231018,85536.56109193417,598604.9393
Artist,Tutoring and Coaching,1,47,73096.50927,10743.793,0,44577.44829,47396.86549484139,96666.17556734856,92450.5836925001,33427.49022087204,91892.5881479686,812822.3028
Construction Worker,Preschool,1,36,67249.05932,12998.47232,0,37744.54285,34397.988055621,44402.14680068235,77183.68086370158,7074.47339563263,5152.408630557492,411910.4812
Marketing Manager,Technical or Trade School,0,39,77165.81297,8737.20319,0,47805.25605,36154.86630702532,13530.68600868854,47606.40615410681,23225.2405795843,65623.47469501322,467891.8596
Plumber,Secondary Education,1,45,72316.18286,8728.916803,0,44846.68557,31271.34399345638,30900.18515746031,71346.64165971623,78331.63956590525,78945.52345877835,671284.0388
Artist,Military Education and Training,1,47,68431.27055,14088.90642,0,46643.26581,87279.46155905357,34408.17952883185,69254.65178577793,71669.39029091134,1834.24490152605,622178.3878
Mechanic,Apprenticeships,0,47,62311.11641,9832.05731,0,56563.98675,75771.22571700782,2351.904150834549,25350.93701021075,25283.28149523586,14494.63209699765,399631.9344
Software Developer,Military Education and Training,0,60,53229.14547,10756.60888,0,41673.44617,31928.92605600082,75421.80858350119,69747.13307819804,1072.707946488238,31995.78648178917,503679.6166
Doctor,Undergraduate Education,1,59,77662.1109,13444.89631,0,61118.46947,60329.63329155785,12633.11200125566,91028.3314004622,67531.24591093247,7842.238111446421,600966.0604
Librarian,Language Courses,1,36,69494.69783,20000.0,0,37303.56701,55717.05604611754,23469.29372612826,16684.89067396688,85921.4359739318,74388.240117514,586968.9671
Sales Representative,Associate Degree,0,47,61063.35631,12066.26571,0,46892.26617,21779.23251785473,57539.89339207575,64724.66687417642,86515.58213878899,74565.57559865787,704034.4334
Software Developer,Primary Education,1,38,79368.91741,13501.92659,0,56457.74038,59282.96496808992,47066.90717488951,2011.620273683834,78569.06090077617,53517.86825950655,593812.3239
Police Officer,Language Courses,1,42,61693.44352,10835.25736,0,45509.69732,72382.68476228772,74693.89479977686,67939.86113436004,25705.30760533902,33973.58030766671,640410.0519
Architect,Educational Workshops and Seminars,1,33,47211.66812,4295.225339,0,27625.44144,85249.45408868248,96122.6425561311,19866.19559727978,92508.86293712106,30933.91751112813,704613.0283
Accountant,Preschool,1,39,69897.75291,9624.908869,0,46389.50237,36319.99526045661,50481.16489043162,544.7675879129421,43811.019572046,80285.4112453108,515663.7219
Pharmacist,Tutoring and Coaching,0,39,63675.93263,9631.974905,0,29002.05665,29099.60745806406,49001.06956899301,62471.69574553528,45712.92317795155,85046.97391668902,600668.653
Firefighter,Doctorate (Ph.D.),1,55,72302.03223,10813.75655,0,51355.7106,57066.55097049306,89021.20000388507,84568.35224178454,77447.14936768489,53286.26360907335,825490.4536
Accountant,Associate Degree,0,45,63687.4988,13421.36821,0,42011.19965,88203.75721636586,52817.60527244577,69832.50209716633,30704.89244832996,43566.11139869349,654272.1362
Software Developer,Language Courses,1,51,63678.15468,5011.615145,0,52654.40455,63174.57447047085,64160.1142470129,55143.21637853857,59364.01402825186,86524.09177564742,762040.8309
Software Developer,Language Courses,0,49,77435.46545,6922.152838,0,44432.71747,37681.74637901928,97802.26532263344,64503.11967728645,83668.8207762653,76975.8209464386,810128.9811
Nurse,Online Education,1,46,62721.40514,16127.56619,0,46054.60253,67124.29569300592,49782.370402944,9903.209993640505,51114.52715680958,96674.92137236112,641307.8543
Marketing Manager,Technical or Trade School,1,53,70842.83518,9536.899689,0,58235.41454,43197.44209874496,39267.01701412295,57177.40661409873,59026.74182255186,15147.61174863518,544103.2677
Social Worker,Homeschooling,1,39,55285.98625,17462.07506,0,42990.29255,73583.4428901047,14.34996161842061,4010.135555356198,65076.86901073779,32298.69262591455,435947.5652
Marketing Manager,Educational Workshops and Seminars,1,43,72002.0552,14709.65824,0,50702.18103,43529.72193168985,56265.62216813728,8255.073697073123,41523.61262811529,71377.70329411542,543307.8295
Artist,Doctorate (Ph.D.),1,70,41434.51258,6810.555606,0,47009.57741,19670.48931046521,8116.25219671358,29268.96924560092,88387.47257037589,1949.767612855902,388805.0567
Journalist,Professional Degrees,0,51,60404.38394,4198.839128,0,49399.97041,26530.41726102136,3851.157110691939,18184.83712452199,33474.7038391213,20466.40716420627,303814.9858
Electrician,Technical or Trade School,0,52,65239.06468,7437.211028,0,42997.16761,31454.31463360683,40107.76825432285,41705.81018959231,64167.16024494906,98712.10648558472,638288.6548
Accountant,Undergraduate Education,1,45,62939.12851,632.0528524,0,44434.98419,37172.83826910166,28420.49033490393,42347.81132790776,18960.36097547151,86043.34772525998,514759.6656
Architect,Technical Certifications,0,48,60608.40313,8233.280719,0,46325.50959,87663.63117217888,18971.1572786401,31321.50223310373,73313.52178725907,59342.85436962538,633876.3529
Nurse,Primary Education,1,48,56118.39601,9242.775995,0,46846.7305,65919.81703947192,85675.49026761341,2380.287055115393,10863.53069644652,86372.04592218358,596115.803
Nurse,Vocational Training,0,48,86706.33333,9653.26498,0,56499.10202,19362.44634655369,33691.74855182002,26042.3190709906,59005.68419916215,17791.11317651662,424784.8267
Veterinarian,Technical Certifications,1,57,41236.36497,9399.342975,0,42773.75905,78851.45787549007,13084.15358231119,34033.59204545296,60927.27258990603,18495.02056389539,496330.5114
Nurse,Non-Degree Programs,1,46,77146.27598,7903.33495,0,52313.98392,94656.37801700406,22182.26712430149,92100.4678311364,79955.9091704392,19680.8870583791,721779.7862
Social Worker,Homeschooling,0,44,56437.30404,10461.98276,0,34139.6373,51210.48385010278,31499.04365755196,54090.52929194152,50563.43807009234,68238.46597812872,579483.1963
Veterinarian,Doctorate (Ph.D.),1,65,70703.85013,5025.365518,0,60763.24731,87884.70774099678,60750.41503644798,92009.08363815017,84279.45189733249,24846.87977678687,821067.5708
Pilot,Apprenticeships,0,57,69810.46265,4684.556433,0,66158.69494,96159.08928801,39102.02289791227,44252.2608737405,50155.25079561788,42619.17184060344,676892.9813
Pharmacist,Military Education and Training,1,47,54279.39597,5699.184814,0,31215.6421,36901.4115914361,11194.28970456814,92002.82740578002,17557.54728124668,91339.41564444987,560422.2675
Software Developer,International Baccalaureate (IB),0,36,70334.42787,9823.218967,0,46135.27233,46857.92391451496,22204.72601893097,22763.4656051362,63338.30565324929,74202.3087318643,551004.0045
Pilot,Homeschooling,0,57,59168.00751,10474.44187,0,56973.18105,16677.33534318352,82461.10814466176,95573.74417271714,62507.15106226697,6099.669352638027,640584.3783
Mechanic,Homeschooling,0,33,61889.61618,12024.48457,0,24184.07443,5316.752215034459,41751.12402669004,42729.94959181864,24187.9745204967,85151.3185541983,446642.3867
Artist,Bachelor's Degree,1,43,66013.95174,7039.540023,0,49079.61942,7929.865156512173,60748.79181206707,70147.0543922231,94080.53459870191,80168.59090682952,724308.9126
Nurse,Professional Degrees,1,46,55434.04046,18693.14652,0,37093.92033,68129.60991254883,19693.37218692761,87589.470035828,41987.14231408321,5.324519060290189,508997.6786
Electrician,Technical Certifications,0,45,68499.69447,15436.79968,0,43401.56612,38670.79483865563,87337.28143322938,39542.85029875951,34332.33081217229,58614.02205740187,603797.6911
Plumber,Master's Degree,1,43,54749.88645,7631.687821,0,29092.1311,93247.84273194423,3217.084098516654,78041.08426121525,46397.76096704446,60454.81123102372,620901.4288
Architect,Master's Degree,1,38,74590.25495,5614.004976,0,48349.16457,25363.1459905239,44741.77752508903,17868.9766904454,63279.82337454979,31752.94361160582,462711.6635
Electrician,Non-Degree Programs,1,40,67772.66646,6887.248301,0,33261.00057,13839.95420614873,27233.46078746198,28411.18849330776,47471.1801884981,93632.63119242733,487698.8309
Lawyer,Non-Degree Programs,1,43,62563.57825,6130.305181,0,41327.16554,24030.45852537806,59681.62124455768,70756.82511891173,87637.66554739214,25544.54732740501,617956.5666
Pilot,Adult Education,0,42,70361.01504,12024.72511,0,49336.11628,76717.48852411566,93368.56023428132,4978.911910968031,26008.38954203496,19481.73503083324,539782.403
Software Developer,Language Courses,0,51,74810.89471,13658.34201,0,51405.55229,61496.30659323269,33216.526938775,42175.54148729208,36463.45850191014,37787.73632268675,525090.2443
Dentist,GED (General Educational Development),0,38,49346.405,5827.820346,0,31249.98803,63749.8023185314,38079.01049032195,51811.81698141695,64782.53928143201,17692.30188176393,534730.918
Librarian,Special Education,1,41,73426.08521,14822.79645,0,43598.96993,70062.92617247804,32430.63426232713,59859.15324400405,65683.80639410458,73360.17910930469,689991.3382
Carpenter,Military Education and Training,1,54,47684.46306,10128.76114,0,48300.02057,49898.37369885312,12733.66711952293,36131.38172010488,10662.34183018097,86339.79579357273,488131.1615
Librarian,Secondary Education,0,45,72939.83195,7787.204492,0,54013.47595,29447.50099081955,96967.68357700194,21107.82468209404,18803.03092514169,84781.72453154686,610242.4813
Software Developer,Bachelor's Degree,0,41,72277.82609,13580.87747,0,38674.66038,44216.57608703485,63238.04694387287,15165.20175248066,30331.5965540566,32.45119510861816,383317.0658
Librarian,Educational Workshops and Seminars,1,40,53921.33351,9046.18109,0,37076.82508,8289.01568938275,82706.98387168844,18484.6398473897,54801.08526958574,26494.4618810283,455706.0233
Financial Analyst,Educational Workshops and Seminars,0,32,65312.96755,11398.82486,0,37947.85125,27383.21479401373,57010.65044379552,19503.5615185752,15879.87484366616,90702.93640575046,496856.1785
Electrician,Distance Learning,0,54,55619.34152,11212.43791,0,41320.07256,90497.09230841194,72914.01819164281,79158.1287758903,14585.83463519253,10434.30560714444,617818.9042
Sales Representative,Doctorate (Ph.D.),0,55,70914.59993,9644.41026,0,66888.93694,79838.89287573363,12433.65041992698,64889.50084733467,23544.17467555813,82597.09543926638,660384.5024
Software Developer,Preschool,0,35,33422.99683,8570.611562,0,12536.93842,43545.73920337253,92525.50268265871,7910.404823127393,21032.11765729805,97573.62678242613,550248.6591
Pharmacist,Preschool,0,46,53382.42693,5055.43571,0,39549.13039,46586.62734737611,20204.54924901428,46452.37991052976,98865.97158552418,71845.60479490533,647008.5266
Electrician,Undergraduate Education,1,45,74173.39239,11315.59626,0,52709.08196,72915.77245172682,81273.00628734224,185.1355293608581,70147.65284155506,56392.11616346075,667245.5305
Teacher,Preschool,0,50,53587.12801,8501.49728,0,53502.97742,92634.56317099414,44198.71492384223,81239.10211372367,88401.94212411906,77569.32549089463,875093.2505
Dentist,Doctorate (Ph.D.),1,54,58011.6339,9822.426192,0,52116.90791,76692.43587210482,92910.6762788538,30216.25815934638,32818.01324184543,7703.635625449167,584915.8542
Police Officer,Tutoring and Coaching,1,29,69171.95281,6354.833826,0,38705.65839,99584.538217745,91302.29211039192,54195.01670332853,62449.84400379912,7829.347662775243,708133.3942
Pharmacist,GED (General Educational Development),1,56,66779.91374,14300.12614,0,48025.02542,99366.01782894375,26576.38050403268,40135.58949476072,22415.04810708364,11161.95040597413,495360.0235
Accountant,Non-Degree Programs,0,54,79173.0767,6913.05683,0,59483.91183,75706.73619678357,51157.98536186067,55472.61889809556,51050.21046103165,70447.67639259718,726638.2783
Electrician,Primary Education,0,33,63065.12164,8907.661779,0,35911.64559,53317.0984689269,54918.07528483646,41446.76666222733,89579.02364129944,95332.02959302894,741009.2785
Software Developer,Distance Learning,0,48,65530.36401,8774.069514,0,41034.28343,92098.95160461837,48963.53979998902,98236.49449660226,89518.38724003165,88134.88356198624,915973.0803
Sales Representative,Master's Degree,0,49,63732.3931,12848.20061,0,51730.17434,37701.35669906843,44295.86174713542,85311.39809779545,47295.21447747714,73620.13484526868,679908.2804
Pharmacist,International Baccalaureate (IB),0,55,62689.53964,8732.143355,0,53021.86074,43760.16343748074,3626.087726652927,83645.64037001715,4583.007941018802,99698.88424992726,576671.2889
Lawyer,Preschool,0,42,51539.93045,6932.950306,0,32828.03477,13554.93569681464,27925.45252071452,74977.88303397133,32136.11358757435,31726.06673626911,426296.9727
Marketing Manager,Continuing Education,1,41,59060.08664,5841.612044,0,29417.64694,70575.98005842685,50101.80328625957,92605.68299712274,76141.06933238325,41646.15645756119,720976.6781
Librarian,Undergraduate Education,1,53,62713.78149,11498.03993,0,57461.51158,36483.93486230198,34034.64260768787,84751.872012189,62273.11382924802,62175.71096532959,674361.5717
Lawyer,Technical Certifications,1,53,44747.66132,4975.144559,0,50441.62427,97759.70141052097,9071.998748623333,44828.64010359238,63198.40834500284,14284.69588810737,559170.1375
Sales Representative,Homeschooling,0,44,65529.70333,3932.838165,0,41575.34739,43196.78056926275,95944.91305330476,33808.644507533,52429.27570892776,391.5087958921592,534692.94
Chef,Adult Education,0,42,62426.52379,6619.929677,0,46412.47781,91358.13009832887,51473.59284141994,29280.06720729409,11520.272859353,85685.5266797657,631460.135
Marketing Manager,GED (General Educational Development),0,41,73498.30715,3066.939924,0,47610.11718,31201.33250424038,97106.85381509089,9112.20323769788,15351.58806847789,92468.08966727804,585700.3689
Psychologist,Online Education,0,48,86565.15641,13701.79986,0,70878.29664,19823.85506963685,37185.59087754344,23419.68851215864,55800.67293851903,95394.6598310534,605005.5277
Software Developer,Professional Degrees,0,63,46549.16329,640.045378,0,55543.38497,81120.96534090051,87072.76167631433,61887.36130762486,8648.518778685877,51163.16040702662,690872.305
Psychologist,Distance Learning,1,59,70111.5398,7949.463649,0,53848.7555,45912.62635479637,22220.48768275032,93983.72489073766,16494.64870247217,61404.33578984738,587729.1578
Electrician,Language Courses,1,45,66747.66857,9691.23462,0,39904.81613,87270.52299106118,3547.289966437883,20258.31999255333,14482.78933602302,96581.32502956098,524090.1269
Firefighter,Professional Degrees,1,47,72025.6768,6988.652757,0,44736.41097,63907.89595030294,15849.12858041164,30022.61434654455,15755.56438749789,76881.10630625379,494305.4411
Architect,Adult Education,1,49,70737.29383,13851.11162,0,46937.17422,81384.57928697947,48408.74984065651,2369.723064255491,76241.73561277556,17605.95451722902,545895.8331
Pilot,Bachelor's Degree,1,40,57455.7609,12186.02793,0,28440.81268,3004.877349429702,55889.4808922741,18644.40506394602,88677.78374714237,83130.18835717152,555575.0962
Lawyer,Military Education and Training,1,41,60657.59355,3331.304747,0,38148.00163,35374.63796458216,66803.62936970712,81200.77734116858,36812.05583960081,22584.12408141737,561846.4525
Pilot,Postdoctoral Research,0,47,50694.42707,10881.90102,0,42747.53925,89409.41569739816,45355.03015168155,94664.1148959306,21650.19942451273,44180.98893369814,676014.5767
Electrician,Continuing Education,0,27,55369.72784,10888.93494,0,29670.83337,49777.95970452312,92262.79460900801,26177.31522131827,56139.87253590247,23522.69015217878,555102.9312
Carpenter,Master's Degree,1,46,82425.64679,7525.252104,0,63038.20422,33959.11262758375,5136.899010913931,76912.44868606766,91013.98549382477,38484.59314185675,617090.4864
Sales Representative,Apprenticeships,0,51,82094.10712,1065.607589,0,63248.76188,41244.05801170513,61616.7149102009,76194.17382458519,45197.06479235734,16927.9168118164,608857.3805
Pilot,Special Education,0,43,74090.51299,10877.69223,0,42321.56548,58198.64149767548,88712.74275775652,32318.59178834254,80527.1663012164,15927.91108199166,636013.2378
Pharmacist,Primary Education,0,32,73935.74201,8253.583457,0,44463.30502,77496.55320983297,56693.46742988299,2406.756209392846,48318.1972244366,33411.9176946638,525580.3936
Graphic Designer,Vocational Training,1,63,75719.22986,10515.28135,0,67092.23276,17023.82635806163,75760.67775320575,76007.0462521833,5283.46277726105,20807.51214768978,523949.5161
Graphic Designer,Master's Degree,1,35,47054.14246,7234.672092,0,22091.11839,41550.45032887985,34304.36987935629,97904.72816367492,10721.03766544695,55745.92187634925,524635.2526
Sales Representative,International Baccalaureate (IB),1,50,42003.01617,6052.844775,0,40022.17406,90552.47550533507,88871.03951776029,33292.78572213132,61245.70383339986,77291.07323293759,782550.5037
Teacher,Continuing Education,0,51,74418.55717,8632.699007,0,56071.61377,99004.89551271613,56534.59909695065,77630.59842393702,26454.07742066734,6335.677298449138,644062.923
Graphic Designer,Secondary Education,1,54,52786.1971,9246.813159,0,49442.12107,72176.79589751012,2984.001819701421,49314.31710197125,1436.383587531898,8177.028980443634,367061.2969
Electrician,Preschool,0,37,78804.99824,12710.00309,0,42497.72862,82801.74713642562,414.4091640938097,14682.42668471769,80395.6315324753,64986.73788358738,571557.362
Nurse,Online Education,0,44,66932.47176,11033.16277,0,37084.77621,66892.92115389972,78325.76237183141,58723.941378529,95796.27986888213,60356.18116552023,794359.7243
Journalist,Master's Degree,1,57,56066.07685,5235.7599,0,51866.48719,6594.696265260059,48248.35373803904,75043.33194155322,56481.65371280982,96642.29455222024,669753.6348
Electrician,Apprenticeships,0,47,48591.57177,14309.21115,0,35716.31133,52902.84717722696,74052.98482753774,98560.84483453169,85519.05960697623,17405.24946116355,728314.5945
Financial Analyst,Primary Education,0,52,38213.88844,11492.74174,0,39892.93343,59062.27001334658,51020.68893731494,68248.9207695147,38205.38140109387,7236.797499457582,527333.9841
Doctor,Preschool,1,52,56444.76848,11932.73881,0,35781.16156,1455.805587138093,58428.56777188279,76806.46898555565,51090.35049073568,39658.0687687919,526440.8463
Dentist,Postdoctoral Research,0,48,67080.6142,7880.423663,0,42866.21274,82524.44082172481,62972.08178466484,81121.76704409654,60389.45883614531,26595.42683391148,712938.7761
Software Developer,Master's Degree,1,55,83333.81054,9874.075327,0,80000.0,35659.14274218184,32300.56379369065,85248.47356189495,92679.45693235882,39425.1322414243,730625.5385
Financial Analyst,Apprenticeships,0,47,73502.12458,11132.39299,0,60526.97788,69837.7403955988,62947.82161875971,9579.279705562394,82868.91897646723,566.750691921336,572654.9785
Psychologist,Distance Learning,1,45,88816.02695,9317.22195,0,59758.73247,79354.09236782801,52683.23930294326,81103.6301147198,55440.42280295384,67169.38093682943,791018.996
Chef,Doctorate (Ph.D.),1,40,70381.37499,6718.857016,0,39606.24598,6205.013904073619,33564.45016967621,56525.38265905864,787.0188106990361,30797.24148367614,334970.706
Artist,Professional Degrees,1,47,67647.74764,8767.783547,0,58641.71051,4148.454623864251,85803.18810579875,24209.79395186851,94989.27366645639,8773.391708157851,553131.6251
Carpenter,Preschool,0,45,79781.90126,11148.10325,0,52983.89411,83429.93261051124,56001.99884453051,90346.62625081194,24315.65603430499,61053.66707662643,736263.5499
Firefighter,Special Education,1,49,64665.39122,7404.080751,0,50666.88173,44815.11297828775,47078.79209897453,2145.193546293101,79195.18318403506,2757.178316708819,453316.6837
Journalist,Apprenticeships,0,60,58837.97088,12788.81573,0,59625.02618,79616.1330710724,72247.69737202897,75998.17934757646,14376.05581386297,72210.40760152687,748146.9988
Journalist,Bachelor's Degree,0,34,49607.23466,9344.32377,0,22630.25982,68214.11285541867,54918.17886737027,16122.47790301725,30591.86472637775,41720.19027514102,468394.1689
Marketing Manager,Distance Learning,0,36,67032.16445,7666.5303,0,41137.89459,85043.77812358736,16691.47132320344,72491.68404124783,45352.82608284178,10205.61621304419,541846.5407
Veterinarian,GED (General Educational Development),0,51,65245.57379,11554.2723,0,53496.48183,91449.00762308626,46075.41850317717,77127.51714447985,99799.50410332848,61448.65903670323,858793.1765
Firefighter,Preschool,0,42,56174.3433,10394.57246,0,36543.93642,88615.31832088342,91321.63356850915,74863.93963684676,13275.77335203382,68028.20211030538,745297.6068
Chef,Educational Workshops and Seminars,0,48,47227.01542,11312.51035,0,43503.97349,2504.709536302963,66551.26799733,33052.92579533634,24781.33381344223,34477.14259706019,409742.7065
Construction Worker,Professional Degrees,1,35,40300.49467,8828.164449,0,31146.71078,22887.07292517716,26943.85723050831,60356.92739422215,56844.96103213113,74476.84525609532,545312.7492
Artist,Primary Education,1,44,45504.74866,9245.466786,0,31526.04931,71268.13927451795,47748.10829935178,15964.78444344688,34700.82158033415,54627.494952003,511670.7957
Electrician,International Baccalaureate (IB),0,48,50017.38154,7514.393035,0,31083.70271,56949.66498821451,26955.67102633453,74937.50554476163,42253.27779139224,4027.467040824517,472414.5782
Lawyer,Master's Degree,1,47,66226.72902,8511.814921,0,45366.35963,91211.26853097772,9994.562640248761,30796.46944140534,68962.67171988272,49860.8617631556,592384.3875
Psychologist,GED (General Educational Development),0,31,41361.95045,10755.50842,0,25252.93221,32440.0154241356,23798.96245098986,64507.6007641854,27874.62729921271,72570.91834094755,492890.113
Veterinarian,Adult Education,1,45,56687.41273,9050.284083,0,39888.59789,78947.95687578621,4258.068235536405,41881.4729082108,86388.25034058411,4087.306790053369,510903.3061
Construction Worker,Adult Education,0,49,68114.60169,11633.95265,0,52240.72866,20892.58475715467,33436.55481538879,51059.84215931391,93864.4227233803,63406.24473954929,629800.7557
Software Developer,Educational Workshops and Seminars,0,61,51086.88482,12254.53943,0,39911.6116,27794.71488541975,57382.07239736003,75521.9785459416,49631.41706681999,66928.47205921852,634340.5331
Accountant,Non-Degree Programs,0,51,71921.45038,6354.372629,0,45857.75365,72045.31296248992,6864.561784694068,39902.45785168519,50976.43144674773,28048.21602718602,487389.4674
Dentist,Adult Education,1,35,56807.01728,8851.564939,0,30826.10903,87407.1199534441,15443.75068790238,21035.19850691931,3115.467324955679,45431.20928553636,406517.7096
Marketing Manager,Postdoctoral Research,0,53,43019.8475,8527.034281,0,39422.79389,43174.59645093653,92599.95803280923,32660.42965620649,95575.47435526196,16017.88384516377,638902.2725
Mechanic,Adult Education,1,42,63875.20999,11397.68601,0,34678.83226,7919.179115443076,46768.67815422643,65783.83276697087,78268.52900622341,24973.00719990687,516784.117
Teacher,Bachelor's Degree,1,39,41587.39238,5397.031602,0,23517.91983,12144.45404117246,76203.17945279284,54649.22912650314,36678.08454278556,29865.84111232543,466117.4162
Electrician,Doctorate (Ph.D.),1,38,49661.96712,4679.441732,0,28733.68779,69043.56497544068,6917.713639064716,35651.04136330848,91608.75781071353,60739.57851272178,585388.6882
Plumber,Doctorate (Ph.D.),0,41,92471.17612,5404.397644,0,59096.26978,26550.20638617908,82211.73936361831,75083.26963099687,417.1131214739776,75787.5691038066,638292.3348
Software Developer,Primary Education,0,44,70136.82862,7765.975483,0,50188.86612,5614.306813107506,91131.84126038331,1242.132553880682,55968.63945174954,22441.24301617501,453174.0584
Artist,Online Education,1,43,52664.71719,14435.74305,0,35659.12237,82152.05125493974,99075.37051881393,56778.79147960001,39178.98445226748,46433.54996600558,718555.7401
Accountant,Vocational Training,1,39,55618.06942,7557.657205,0,46398.35204,33044.16702916082,13179.51187933749,4795.688472197213,56249.94571357652,2412.178012254018,312159.6863
Software Developer,Language Courses,0,33,54912.44043,8203.56263,0,32291.18978,34132.87869385074,12534.81572170571,78860.6384869356,92821.79062404319,66085.93342563228,633454.4935
Artist,Primary Education,0,47,56692.78044,7946.435929,0,49079.29461,29738.6842435278,79142.75671747266,54651.67710837051,72807.24905288851,30515.72004760854,631870.7636
Social Worker,Doctorate (Ph.D.),0,45,63561.04525,3730.11972,0,49348.88394,89283.45457610974,40859.32122534577,4742.941994426208,41761.57095726599,51598.69398280435,555189.7334
Psychologist,Associate Degree,1,51,62788.93529,13224.45167,0,41427.59797,33005.10443154084,93516.16308838296,9054.019937876112,15137.59642557563,32290.82410119221,448862.6119
Graphic Designer,Primary Education,0,42,38453.86033,15283.41752,0,24221.99937,7767.016637335644,42525.52987679239,95230.60928727919,40397.78188707137,14740.90085902388,449767.6758
Architect,Postdoctoral Research,0,55,59486.27073,6515.336778,0,44424.07681,15540.66511674661,93457.88545996536,95372.4068761052,57742.82180990585,55415.39763496228,723906.5074
Electrician,Technical or Trade School,1,62,68149.63056,9560.448204,0,60390.06616,27779.77517127168,26740.04052413256,36683.40246997348,55116.89310004644,58189.87053043368,529800.0959
Firefighter,Vocational Training,0,52,49393.46784,11521.6189,0,42793.9932,27808.43894009462,33345.24787361598,31243.00215873809,98725.24365412317,73773.75326505577,615379.3582
Plumber,International Baccalaureate (IB),0,51,72262.20245,12124.82386,0,46935.72774,65710.91830124818,29003.12229073062,92892.89100687264,35224.78857212349,40370.36681085802,620275.6294
Accountant,Associate Degree,1,63,64494.39535,8765.624109,0,58667.06865,24075.39999099746,81390.64368022035,74455.99313795428,81275.20684184543,67868.39347473028,775465.4116
Accountant,Technical or Trade School,1,46,54362.70307,15647.35449,0,38042.80065,94993.09841458232,6637.447279067444,47809.02271847051,99989.94143268789,24867.21487807942,624679.0507
Financial Analyst,Technical Certifications,1,47,55657.65681,9625.399586,0,39270.57909,50030.44765089528,88212.83612473786,72300.08454411839,7572.531408779159,13257.0299663372,541287.0176
Chef,Vocational Training,0,58,73512.41269,11054.27478,0,54606.18769,18724.40715629567,74749.49116824298,3375.956787279355,45667.31144685185,70285.4741427432,534817.6568
Electrician,Secondary Education,1,37,70621.52393,9384.067625,0,39083.94268,75037.95679025108,69311.29799634778,3046.325134668104,31426.58813355787,94940.145280847,625692.512
Engineer,Secondary Education,1,51,70275.68706,10359.17579,0,47984.12043,30789.87277900234,35793.98273715154,80023.53160144234,28529.23498784996,94330.98513331449,634903.4553
Social Worker,Professional Degrees,0,36,74420.10254,10274.13558,0,46082.80993,86859.61481497076,1978.31497419263,27259.09208229289,99692.81904904003,26547.59822776958,576840.4982
Construction Worker,Special Education,1,32,54395.05356,10693.88704,0,30964.07804,23557.4938228142,26115.21576018793,63503.55100763137,91684.43099087517,5038.619926201815,481726.7791
Librarian,Undergraduate Education,1,32,60384.34541,11518.29175,0,35726.95299,99011.69688592083,42583.55950390152,44951.1859802353,81103.48917985176,47444.32030359402,701642.4097
Electrician,Secondary Education,1,43,66813.664,15458.68867,0,49065.1634,30983.02547673709,57942.48044284576,9097.366266207451,40808.58970040566,8328.570097983435,392450.3908
Pilot,Military Education and Training,0,51,84120.95497,9596.513091,0,48955.85816,28896.84708702099,58316.15596602221,99657.2769410658,22684.56337611841,73184.19664430014,663389.7963
Electrician,Bachelor's Degree,1,43,54236.62092,7275.314728,0,37183.10293,97919.65857126725,59581.7969606574,7409.699562449235,17736.18919339032,69234.42930011316,578129.753
Sales Representative,Special Education,1,58,64426.59613,9514.645028,0,46710.52519,41407.4134982545,71254.8037902476,10243.00818234375,25679.44061916301,31834.15317726397,454258.6889
Journalist,Adult Education,1,49,71150.19894,9848.997857,0,52889.56257,61993.75248806734,58166.76382393395,71101.83286690664,37574.67323726301,54123.53210432029,671700.2342
Engineer,Bachelor's Degree,0,43,60325.20676,10128.1151,0,29754.66271,74304.8427789435,19629.9928919173,78045.74003434557,35245.9775216031,83917.2939144747,641797.0197
Software Developer,Bachelor's Degree,1,48,91083.73918,13148.85597,0,60960.83428,14816.4366872131,75834.19211076298,43744.77378313685,19602.95725253623,53721.64365995279,537361.6755
Pilot,Apprenticeships,0,40,60380.22868,2799.719601,0,39975.43302,60171.88761973816,90490.2259432447,53999.89989157008,34556.21195133431,54982.19638832772,668351.7096
Artist,Adult Education,1,35,72948.11812,12664.32052,0,38545.80328,62060.88369434061,27115.20061731225,95214.80429841476,82588.79738489035,49991.49162732466,711033.9618
Financial Analyst,GED (General Educational Development),0,43,74834.57117,9366.027561,0,56764.44728,78994.75230180669,72904.25374694119,91800.07950746469,78081.06853354057,21462.28539323651,800013.7735
Dentist,Associate Degree,1,57,67752.38329,13851.92122,0,63079.84329,6385.289805828209,17036.61614396708,79351.58316119753,74730.08828135414,64948.17749645826,611063.1964
Graphic Designer,Distance Learning,1,47,59205.89035,2689.317953,0,55700.83389,17010.05399737661,76467.80445512505,59287.71317876365,79023.14248188362,48480.94880154113,671940.9936
Dentist,Bachelor's Degree,0,32,64874.03368,8511.835275,0,36367.18452,43345.5201047087,72791.46751956383,87363.402755113,26294.77653876502,13813.66432132534,559952.0315
Police Officer,Professional Degrees,0,44,63305.84963,16146.77016,0,52477.83479,30983.42155083563,87480.09913537503,69474.04830353902,30211.82406669284,87777.76577514871,716809.9872
Chef,Vocational Training,0,50,74176.2079,11894.4244,0,50296.67496,8477.376842365913,23679.66252318665,65220.25733264227,17445.59000874472,22790.52527917521,375820.1739
Teacher,Distance Learning,1,44,47230.92278,4421.153379,0,37259.84386,29650.64897583273,18364.20838661542,69181.49165017343,57384.52327272201,35466.67964034637,494614.7916
Financial Analyst,Master's Degree,0,57,65980.95617,7009.186038,0,47715.96049,15110.15709804696,12130.0256807668,35734.56593853733,18258.18832520687,20823.06910422034,299543.9333
Teacher,Adult Education,0,35,51428.66337,9221.265417,0,29540.87013,3517.210045210628,5068.843115473142,46123.24375841337,7774.240694377854,97725.25234899613,379499.3202
Chef,Online Education,1,53,75381.07571,7925.059589,0,60567.18837,60871.04400602484,77767.35008733693,10597.85457339978,21560.2039915582,47428.59318832615,557584.4684
Chef,Undergraduate Education,1,41,54742.3946,10342.60917,0,36125.48846,58848.7158746393,62813.14020171175,1094.221811061913,53015.95857956033,74941.22461838262,573677.4991
Carpenter,Apprenticeships,0,44,76245.2434,6139.387823,0,57303.87131,46141.9596871831,10336.37548498394,99149.32702709113,30074.69631304027,90194.99275382301,666402.4452
Social Worker,Homeschooling,1,63,60409.75787,9611.317626,0,51922.07691,39704.03302690939,44860.70615512718,77821.09707840353,87225.55633539308,57424.23344440058,717915.4059
Plumber,Homeschooling,0,50,57600.59673,10340.30041,0,35848.82935,99418.68031628973,15150.38789067753,4777.032615728882,36926.97278257448,71431.71575177062,527107.2374
Firefighter,Language Courses,1,42,71371.92544,7094.827,0,42704.3221,59434.28314915427,91548.47415843348,10937.48204359835,79487.64870100401,37097.87169344192,642420.1637
Electrician,Educational Workshops and Seminars,1,41,79444.01301,11620.1079,0,55174.98946,157.2660555583583,45186.89007106753,84740.8014459643,83018.10232787102,75625.10429188129,687806.3073
Carpenter,Online Education,0,40,47569.44212,7840.293189,0,26599.90843,6737.421184591996,46588.77614932528,51420.06580332844,4187.96499568631,32918.02466687134,336904.3225
Artist,Technical or Trade School,1,40,71193.72803,3854.733177,0,53993.44322,32543.72138706959,14202.81032902876,69974.94361446565,7322.268691418554,5987.900765643694,368050.176
Construction Worker,Military Education and Training,1,56,46412.82136,11652.2729,0,47970.76767,34738.34222495824,25819.73838151722,62161.72312786712,60487.14187130878,10376.40405525742,483108.2347
Marketing Manager,Non-Degree Programs,1,48,57368.05622,10175.74457,0,43641.65727,9106.703347484523,56963.72405283252,30678.81924554314,9198.772268011957,95509.73423172128,490198.8208
Graphic Designer,International Baccalaureate (IB),1,41,65826.12291,11715.3714,0,41679.7929,71568.50302585107,79979.88159119172,48336.16117341554,23449.32875350625,45948.05937925799,621923.4536
Doctor,Undergraduate Education,0,61,61824.8798,11211.99502,0,63140.05082,80809.31498418358,15987.1745992719,85501.18252378063,99511.17795917034,6051.42751543819,702000.6568
Doctor,Homeschooling,1,35,61723.00613,9913.194941,0,30757.65726,7575.454689786787,54002.81946013417,38996.47317342354,173.5915630358575,46239.27493356844,355490.5422
Psychologist,Continuing Education,0,55,72310.39623,3093.707686,0,65592.22012,4377.004711801613,54923.03610936874,67285.31123536585,52329.36090930266,23180.20036059028,535374.2669
Firefighter,Continuing Education,0,37,67548.77415,10462.35581,0,37871.7082,31934.58341596197,92149.9725154126,15779.5242246487,61331.03341500309,69251.52840445476,616636.7004
Doctor,Primary Education,0,48,62175.68945,12967.284,0,42919.5196,93620.72744583467,57433.50978981904,60552.34208338732,23086.08262767392,61770.49081139106,678765.3447
Carpenter,Technical Certifications,0,32,60584.85458,8133.45931,0,22599.45863,92820.63491430326,90928.13651315593,84601.09353701741,19328.12882417925,7896.962288393616,636348.8294
Architect,Adult Education,1,62,66655.4142,8001.644302,0,70598.96768,65534.12678778342,77875.98170192959,70727.39239709136,1331.090680327818,22568.57893827929,617272.2764
Software Developer,Professional Degrees,0,49,63718.8812,11863.06428,0,43242.58224,24369.10895631581,20627.49139463046,60395.4131973748,17582.66884130678,76087.09315396694,484608.7156
Mechanic,Online Education,0,43,60862.97749,8033.550461,0,38138.57511,26608.02978030703,12387.76558853788,89602.79180872192,67384.31477157402,73555.41818219288,615353.7905
Firefighter,GED (General Educational Development),1,36,67508.12293,10188.68685,0,30419.8,91048.92276924687,91206.09899337076,18722.23403998858,7045.897927406175,61398.72356247683,599683.3546
Teacher,Master's Degree,0,61,61639.76386,17870.63765,0,63868.94051,73899.50465830042,32439.16670931616,14141.37249077124,98520.74050852576,23756.5149544714,613252.4797
Software Developer,Undergraduate Education,0,46,63172.95729,6332.2019,0,45112.94547,37781.2898463175,79902.39580346466,69058.07820130246,45585.53377303877,94049.63122563259,742979.7486
Accountant,Apprenticeships,0,57,58653.6591,17142.41332,0,44361.87507,87751.76244716113,80524.74681106977,73718.02418502797,47496.90619205488,74681.34250247353,817069.3144
Pharmacist,Master's Degree,1,36,40558.75456,4981.269146,0,19525.29827,56771.54930770918,78152.20565323919,80310.0246490638,65969.76444130568,95365.0290400646,792187.7427
Sales Representative,Tutoring and Coaching,0,49,76870.00765,5575.323416,0,49991.60697,88550.13851255518,44764.56152053065,41896.78483669252,7557.579724577889,67144.76819521478,599810.8795
Artist,Adult Education,1,63,71948.80529,8061.968487,0,61731.71426,37824.74844711267,40132.52508330757,70347.71029818099,21275.86886376375,54761.47463284734,572148.0832
Carpenter,Preschool,0,49,67629.84819,10916.85532,0,41769.38288,71550.82484692133,95585.09684941354,42041.29908808707,32228.92369490717,81917.31354580767,730185.6818
Journalist,International Baccalaureate (IB),1,44,67121.32166,12087.38116,0,46402.53583,99899.6059007148,54416.62822773957,73153.62863550993,46725.36882137924,85454.55876312857,812104.6524
Librarian,Language Courses,1,43,57376.4803,12878.54582,0,37376.63439,85360.65717758915,69059.9942811724,71586.93075605118,87011.32066274212,90902.4783730659,882596.0313
Dentist,Continuing Education,0,48,56944.87077,16449.0665,0,33766.6413,93597.85177240637,69118.76522712865,95661.03098238508,77973.27359015057,4615.654064300256,749466.4339
Pilot,Adult Education,0,37,60174.05765,15666.43155,0,30667.60927,3452.384396400654,3938.897427524213,90949.0362129471,43119.65486456015,71515.46159977715,487286.0875
Architect,Technical Certifications,1,49,81997.33071,12616.45622,0,52056.41478,89541.11128056515,1923.677179934058,55834.34115871584,11773.96850459251,27483.67934746033,477226.3845
Journalist,Special Education,1,40,36960.76994,1768.874438,0,30736.5798,51133.35957105114,2209.71287017141,81454.59258591557,87565.82992109066,66231.97204627302,638664.0936
Firefighter,Vocational Training,0,42,64412.43101,10449.61818,0,39439.45349,88228.36517781843,90564.29629116341,89009.07734903261,89988.12771643282,64953.47359820463,924365.5872
Veterinarian,Secondary Education,1,30,70076.22764,1726.809885,0,38174.87433,14921.33786631416,18127.27025496389,41330.20907679416,74906.4730052761,13357.80573006343,401635.9405
Lawyer,Bachelor's Degree,1,43,72016.92459,11602.74297,0,40589.8625,72778.00835314982,75083.95900894937,3838.678963555675,95938.22897094936,89996.3010514256,756450.0777
Pharmacist,Primary Education,0,55,63186.12783,7122.163863,0,62028.71192,59601.383257758,67047.14037705898,95702.27069979462,4824.242952762903,68746.45275028456,715900.4039
Pilot,Military Education and Training,0,40,76086.84122,9258.181529,0,48465.27211,66163.73568672751,17569.06770496849,5740.743541921612,99313.20962553356,58661.96261477668,591827.9826
Electrician,Primary Education,1,38,74445.72702,7515.152476,0,40095.0498,72449.43541857401,39009.15685445183,59173.61557459054,25124.9941039614,40015.25639223346,551735.0163
Engineer,Military Education and Training,0,43,85475.64202,13786.14942,0,49568.47685,61914.82644352443,85806.91212142888,30237.94076250777,50165.33614643671,47286.94341390497,649960.8715
Dentist,Technical Certifications,1,37,51111.76605,9057.600508,0,31408.62631,47950.04245248058,89639.55594869907,24994.24421602671,87791.15961707642,68142.98727564687,699853.2316
Journalist,GED (General Educational Development),0,41,79064.9559,7221.667169,0,47719.47741,80568.0235675294,1401.754873436545,45650.23518171247,5278.750099300022,97812.60306481077,556861.6884
Electrician,Master's Degree,1,42,55514.9934,8009.719809,0,35784.42411,45115.03752647535,82848.16802427603,93193.19413899911,51333.37383397312,17309.56877966246,651167.5328
Marketing Manager,Special Education,0,38,75901.81829,6512.71102,0,42905.53815,2680.052088801055,3625.108120188536,59862.29402900327,86253.59960963602,36535.37562177277,463723.9352
Artist,Distance Learning,0,43,56687.93949,10827.1614,0,48516.84335,72506.2179120225,70813.17768194292,61610.80273477636,408.8594916580535,20244.13930783077,548200.081
Architect,Professional Degrees,0,44,59801.06311,8042.386734,0,45593.6849,10133.20355723907,13306.56923704072,92349.50847573478,43938.61635229154,26439.45151123746,463522.0681
Mechanic,Bachelor's Degree,0,41,57303.83325,10836.41709,0,32061.6467,897.9690466967116,59064.49538391011,65397.85231065328,60720.10223518015,44119.32249848999,524522.7763
Sales Representative,Non-Degree Programs,0,46,43412.86301,7843.402994,0,32208.37522,48326.55580978716,72684.68434212584,54524.52238095376,21728.61854651519,47163.25230983052,553272.0172
Electrician,Primary Education,1,46,58948.93261,8282.075073,0,35475.00344,24108.80684484428,51963.62821671334,53601.69290003324,90887.01299326535,81143.19374830609,674358.6763
Veterinarian,Technical or Trade School,1,40,56086.45033,6588.606462,0,29519.56184,7130.500717752464,60398.70761985807,44136.08883515857,7643.753124625008,28062.47505068673,353782.1744
Architect,Non-Degree Programs,1,45,80015.83115,9064.618618,0,55420.56668,63670.29588037864,28907.84431668762,7327.148142483664,20905.37244743432,57544.29955815378,467551.0541
Dentist,Technical Certifications,1,58,41409.2939,8211.34092,0,42139.64528,7653.376766927655,73697.20678734536,2096.466507064709,49104.27084371276,19287.77716989049,387957.4867
Architect,Apprenticeships,0,62,40387.9207,5761.401538,0,50539.90169,32868.03346034988,54715.07616117119,42091.44092511221,69807.33454377417,22240.40353928166,544524.3806
Firefighter,Vocational Training,0,52,48746.71666,3923.407178,0,34922.42846,32765.22871847347,93206.49168112731,9044.415345986356,61205.79058098637,25145.11573985322,512578.9411
Dentist,International Baccalaureate (IB),0,44,70230.15498,8542.019129,0,43898.2733,67315.92669865562,5281.317047017998,60638.80550577707,67078.29796096667,93165.39411249784,674756.0292
Pharmacist,Language Courses,0,44,64961.39305,6885.723977,0,39135.03023,20094.90673116661,55231.90590333913,15116.74486162454,25655.42525227553,4730.925323140478,319929.8766
Engineer,GED (General Educational Development),1,40,57777.15558,19692.91262,0,41147.46679,72188.10845237963,21878.23936940194,89000.93054840344,24563.75293551817,31348.5982740503,560254.1927
Police Officer,Homeschooling,0,33,54447.15275,13141.31969,0,24134.59205,90218.56327774709,58158.361211479,84076.52768158294,13997.45926536755,28366.98195194583,597904.9709
Electrician,Language Courses,1,44,59712.31101,7135.98755,0,42705.11311,32560.66215542247,64132.52306713544,88393.41564926502,68658.50377553681,45322.65361574955,683545.7427
Carpenter,Undergraduate Education,0,42,65605.41798,13629.1104,0,38901.60925,81951.24724839278,29717.0303129268,97048.0862202763,15296.0800896815,43922.42183483144,613672.9499
Marketing Manager,Primary Education,1,20,70467.29492,100.0,0,28645.39425,39340.14983506135,50676.12911523972,51204.02633971889,52037.24330555908,63176.58000796584,570159.0457
Mechanic,Associate Degree,0,53,76318.87883,6392.211408,0,52150.41786,62399.6797056697,8373.357717247076,4297.848590989217,64489.14676707769,48520.09429198095,480461.0899
Software Developer,Language Courses,1,56,77657.56243,14438.24233,0,66648.25077,47591.09815276956,40254.81628021712,9455.279998683585,21748.89213205257,55553.90422400765,482504.4831
Mechanic,Language Courses,1,44,60487.90116,9911.037592,0,42909.27129,60.13270479194865,75527.57773447396,67712.2329262586,31939.27758633753,88295.1658040693,612887.3161
Financial Analyst,Master's Degree,1,52,67729.9725,10279.91264,0,49248.10595,58584.13770204244,16859.88545887901,7206.945956855792,16691.35033485341,84450.80427681206,466082.4594
Financial Analyst,Continuing Education,0,43,49463.0635,6478.156506,0,27303.17104,36227.69806368158,76251.53834618756,69111.69503729104,48500.21594916535,72113.10569243346,659014.8483
Journalist,Special Education,1,49,65850.47688,3912.385616,0,47869.82593,22431.61964026982,49354.67808735339,45749.43689290188,88425.7229482711,36698.11001725871,581058.787
Electrician,Postdoctoral Research,1,56,66505.38124,3942.76762,0,59984.16361,76992.07174312844,54837.73184141133,4935.182843481855,80503.38926518525,69126.77045559621,692758.6195
Mechanic,Primary Education,0,47,58260.57232,4658.41454,0,45271.46081,18693.25033072943,29485.83169677712,70219.34671353588,42400.04516965606,91491.39445078444,595122.6583
Doctor,Technical or Trade School,0,25,45092.74073,11380.09288,0,9000.0,24090.68946745353,57212.39021490869,50111.06840600096,53181.5131076761,98169.42023391103,583530.1629
Carpenter,Bachelor's Degree,1,45,63845.77186,7761.848528,0,46012.10616,12800.97703878214,68784.95792042799,62020.74967531965,66686.46810571222,270.4973783363429,513151.5126
Marketing Manager,Doctorate (Ph.D.),1,46,55293.575,8276.644566,0,32967.20191,5506.21917945574,39170.81765773371,60556.58356300889,4989.391735394488,74427.0754690929,435234.579
Nurse,Continuing Education,0,33,87598.01501,10814.57915,0,48785.15839,79553.68002336902,19424.69796893721,89757.34479400897,71071.10322386367,73730.50158697114,764644.972
Engineer,Undergraduate Education,1,43,71753.30877,9119.791422,0,45824.5656,74660.77956458583,79928.18602424391,24776.67561562632,52570.64622455301,4048.534433561279,563618.7749
Electrician,Master's Degree,1,48,45368.15561,12203.48778,0,40102.11417,73765.04139508172,90668.28457208522,38202.43378502968,26162.44590502015,52431.23180164121,642663.1033
Software Developer,Technical or Trade School,0,48,45362.66982,2524.992105,0,35457.1486,57317.47315937639,95843.93752913344,89609.05179934863,35879.55188523974,97855.42394978309,823925.1738
Teacher,Professional Degrees,0,40,40727.39196,9725.549901,0,29556.7932,67137.0195673897,76273.17944416574,15494.83581213335,46343.26456322657,22445.03542739313,514500.256
Engineer,Military Education and Training,1,39,58632.58875,12035.37079,0,38243.06228,94745.79861860456,16325.94676871094,78212.7067824988,48055.92614458193,79788.4894799417,710743.8601
Lawyer,Language Courses,0,39,66680.2741,10263.14899,0,44430.63323,6208.130110287291,89505.5455320176,36641.7277281104,56808.24299432624,69175.05660725514,605538.6724
Nurse,Adult Education,1,54,75892.3053,8110.946984,0,51046.42226,70771.41648337955,78609.09189560964,37674.43628248682,93155.86645920537,6215.08346204811,674944.6337
Lawyer,Continuing Education,0,53,59297.41631,9592.433147,0,52570.36517,86847.19832628415,77957.96952148025,20350.88456930824,59436.86241642579,3573.454342022553,601473.4687
Accountant,Technical Certifications,0,51,92455.72807,9877.169366,0,61404.22578,84029.59136195255,37850.04540422222,55421.759377568,90193.12805931701,72592.92261311806,802983.3452
Financial Analyst,Special Education,0,55,32697.98161,10858.02526,0,28463.64326,93122.30620663392,51543.04947291443,35151.72523944498,4735.235754693756,60996.57423224382,548025.0683
Police Officer,Apprenticeships,1,35,55418.75606,8837.654857,0,27586.20078,25771.49541324667,66944.68637219604,97230.79632734135,50774.92829903802,85699.39681048255,708015.008
Artist,Military Education and Training,0,43,68921.40213,8120.204455,0,47979.48549,11870.92749457241,92901.92846150952,16236.05637334976,75133.94824287845,35239.84717002583,558724.3865
Nurse,International Baccalaureate (IB),0,37,43739.97829,5933.177726,0,28164.86039,46837.9117183599,12599.38640011146,21774.27253035904,26879.18338261562,39281.44047552002,351074.1098
Electrician,Bachelor's Degree,0,60,81565.95967,9072.063059,0,69669.47402,73778.0253264857,65130.68480958032,25495.11882756897,50706.07408165037,48265.90957953325,666090.5733
Plumber,Vocational Training,0,44,65364.06334,7839.414396,0,48052.65091,5748.293369648105,32138.41166387054,48227.93125129722,47217.6156484282,60459.3226801459,483688.451
Firefighter,Secondary Education,1,39,65019.15701,4931.56016,0,37364.23474,75467.950711251,1137.799194991285,22377.15670339281,96329.83830172203,59921.0985216057,585196.1563
Firefighter,Technical or Trade School,1,42,58243.17992,15149.03426,0,44500.81936,40147.65050387581,74863.77301341137,68043.74553133064,56675.708329742,9622.154414301232,587707.7023
Engineer,Adult Education,0,32,73558.87334,11164.52652,0,35139.24793,70542.36394355867,43863.75050824758,85694.43255702594,73149.69582084061,86303.86004671207,789386.7016
Veterinarian,Associate Degree,1,52,66088.02369,6769.181833,0,55167.37361,73053.5794444944,21070.67979327089,87079.92300384145,2311.258411613071,77493.89737470576,632353.4233
Chef,Non-Degree Programs,0,56,54441.72437,4362.720324,1,48383.69071,24655.8624408071,75314.48416588355,18071.1564518783,57961.84613274377,49615.79654744323,548005.6729
Software Developer,Technical or Trade School,1,41,60101.79725,12989.36784,1,35823.55471,96908.59369239448,79774.70984720776,82688.7703951517,85320.98560353454,71163.77604971007,903360.7806
Marketing Manager,Educational Workshops and Seminars,1,51,50153.43545,6596.01369,1,36517.70996,81008.1039932404,1038.463602940332,67290.91500647862,56098.9034268812,43194.62314706629,570297.4383
Carpenter,Bachelor's Degree,0,58,61430.93415,11561.07365,1,53110.88052,80261.69030489466,41927.08530044906,5828.533232180444,12144.84456098959,19024.62803877886,424595.3239
Social Worker,Distance Learning,0,51,65846.5096,9141.668545,1,53049.44567,83212.69762265164,74701.53729646375,36565.44600158965,970.6431901794988,42563.30562234268,582126.1508
Marketing Manager,Secondary Education,1,29,55433.61187,10769.75059,1,21471.11367,99073.59891296402,92990.21833803527,30984.7811957884,40250.13881373531,72134.32453267252,713808.3509
Nurse,Non-Degree Programs,1,53,62979.60196,14297.25366,1,45015.67953,13949.58341409719,33271.28995284482,66212.33747408177,37710.48886470747,10997.20828807899,414313.175
Doctor,Vocational Training,0,43,76523.33258,10373.00856,1,55377.87697,75630.30970735665,95076.37552519313,80551.18433265125,20541.28006593015,38969.71886320825,732293.4909
Dentist,Preschool,0,62,63956.1618,16978.52745,1,56510.13294,53227.92158100192,94472.2587069914,91980.92577060118,73949.63002813693,47025.30729162237,834332.3526
Engineer,Master's Degree,1,60,39460.00348,8769.290288,1,47443.74443,98922.4207537971,59889.67808637385,65285.2935245331,60785.84494853087,33338.73399638413,731331.4315
Graphic Designer,Online Education,1,37,66923.43536,8611.468093,1,41489.64123,83413.89549011584,69506.60678028551,92985.75150780872,53351.03436751421,14189.88435182942,709873.6275
Lawyer,Associate Degree,0,43,50051.14039,893.2353408,1,32553.53423,79607.43473105557,64520.56104456668,73232.37421272989,99409.19271711938,10879.18574855466,720404.5654
Software Developer,Special Education,0,42,61575.9502,594.8049491,1,41984.62412,29155.70109189073,96880.30165611053,34005.84273519267,3736.284270544343,88532.73274064169,588590.9732
Psychologist,Non-Degree Programs,0,55,64430.07398,6924.106833,1,59538.40327,51166.9454306624,58725.96460193117,55268.01480823124,45885.7203092581,8172.267030504654,557514.6309
Social Worker,Language Courses,1,46,63722.00164,10711.44472,1,41352.47071,23982.44603260441,7486.118411780262,56442.78237395193,62966.35115428297,6442.778153768946,397345.8937
Police Officer,Adult Education,1,50,78518.21527,10072.48298,1,52785.16947,22430.52324693837,41200.6769915172,3048.601489628245,50031.94560636629,19794.9829246969,378583.7995
Veterinarian,Homeschooling,0,55,72424.80112,9831.184792,1,60117.67886,18435.80464904854,66266.63012929117,25683.6571349093,86199.52186949732,41666.77255599037,596740.1304
Electrician,Master's Degree,0,43,77665.17195,13308.87932,1,47760.66427,12816.77875478624,6200.64964018977,48519.02203198802,6995.708210050499,78844.65630761397,402274.9584
Marketing Manager,Adult Education,0,52,77345.61633,6736.75168,1,64188.26862,48055.6858885686,71885.90601283513,11641.26324443074,15458.45770673213,10400.14374420648,443259.4504
Marketing Manager,Doctorate (Ph.D.),0,41,71942.40291,6995.902524,1,48901.44342,7017.965503798518,57025.73246435491,37271.49905703559,98922.9854901062,53091.52758751062,604462.307
Engineer,Postdoctoral Research,1,38,56039.49793,12301.45679,1,31491.41457,66208.44132893028,73533.53253776263,37719.31145837704,42260.93625115007,22774.44996273553,547976.1722
Software Developer,Continuing Education,1,54,68888.77805,10611.60686,1,64147.28888,10779.14958585799,56804.46645533912,23838.02486309453,67553.04874386119,38491.35119731614,523226.6595
Librarian,Primary Education,1,59,49811.99062,14013.03451,1,45442.15353,65316.61863163998,40944.26006653902,56196.3839992588,6799.018961829628,50159.83680328976,529716.544
Marketing Manager,Technical or Trade School,1,47,61370.67766,9391.341628,1,45107.22566,31838.16738421654,49236.74458314701,25404.23353074753,27000.97510977137,72129.22299745644,501433.1385
